nome,total
Janet Leverling,82030.8897972107
Andrew Fuller,79955.9600944519
Nancy Davolio,65821.12998104095
Margaret Peacock,57594.94992637634
Robert King,56502.049880981445
Laura Callahan,50363.110016822815
Anne Dodsworth,42020.74998378754
Steven Buchanan,21007.499935150146
Michael Suyama,14474.999988555908